rx_id,distance_m,distance_km,h_los_re,h_los_im,h_total_re,h_total_im,abs_h_los,abs_h_total,rss_los_dbm,rss_total_dbm,ris_gain_db
RX_01000,1000.0,1.0,-0.00011936620731890856,-0.00020674833578317953,-0.00011940144499252193,-0.00020670289670894051,0.00023873241463784304,0.00023871068801829793,-62.441772186048674,-62.44256270964681,-0.0007905235981340297
RX_01422,1422.1105527638192,1.4221105527638191,0.00016339206124224665,-3.852288241821351e-05,0.00016344601058483808,-3.850210991174068e-05,0.00016787190993968463,0.00016791965591840272,-65.50043936834035,-65.49796928661843,0.002470081721924089
RX_01844,1844.2211055276382,1.8442211055276383,-7.829006806893029e-06,0.000129211947340843,-7.82462477808243e-06,0.00012915399019466277,0.0001294489114793754,0.00012939079540725,-67.75803194289634,-67.7619323475385,-0.003900404642166677
RX_02266,2266.331658291457,2.266331658291457,-9.885899030602552e-05,-3.63749950457047e-05,-9.891606291696369e-05,-3.636243535077899e-05,0.00010533869293332763,0.00010538792249414683,-69.54824149541375,-69.54418313250484,0.004058362908907043
RX_02688,2688.4422110552764,2.6884422110552766,5.335999995711766e-05,-7.097934618192465e-05,5.338861675314349e-05,-7.09280284638287e-05,8.879953366902946e-05,8.87757265280309e-05,-71.03178629827912,-71.03411529613975,-0.002328997860630011
RX_03110,3110.5527638190956,3.1105527638190957,4.54707039123096e-05,6.18292303304848e-05,4.5511832827439416e-05,6.178681736464917e-05,7.674919307420156e-05,7.673941443199383e-05,-72.2985236382569,-72.29963038107672,-0.0011067428198288098
RX_03532,3532.6633165829144,3.5326633165829144,-6.36637119406454e-05,2.266711149261267e-05,-6.371646102309242e-05,2.263978693929296e-05,6.757859247927562e-05,6.761913455497516e-05,-73.40381715825102,-73.39860783981788,0.005209318433131216
RX_03954,3954.7738693467336,3.9547738693467336,-3.01653222761719e-06,-6.029021291257947e-05,-3.0275717603770776e-06,-6.023150583693333e-05,6.036562962252955e-05,6.030754916383824e-05,-74.38420530503583,-74.39256640894226,-0.00836110390642375
RX_04376,4376.884422110553,4.376884422110553,5.2953680392122274e-05,1.307464971161455e-05,5.3013411456332624e-05,1.306828205438111e-05,5.4543915629082384e-05,5.4600382691802434e-05,-75.2650737580078,-75.25608626665411,0.008987491353693144
RX_04798,4798.994974874372,4.798994974874372,-2.5325198326498005e-05,4.2817429125379166e-05,-2.5348626242846658e-05,4.276175049627663e-05,4.97463356156343e-05,4.9710362681289586e-05,-76.06477808952947,-76.07106136570194,-0.006283276172467822
RX_05221,5221.105527638191,5.2211055276381915,-3.098698763228879e-05,-3.3623445076058365e-05,-3.103382517278428e-05,-3.358475991305585e-05,4.5724495200125844e-05,4.5727829636585015e-05,-76.7970216089981,-76.79638821783709,0.0006333911610028053
RX_05643,5643.21608040201,5.64321608040201,3.804561243945427e-05,-1.8498291838698872e-05,3.8096432680931376e-05,-1.8464385704092784e-05,4.23043192457086e-05,4.2335230275058645e-05,-77.4723057830837,-77.46596147234503,0.0063443107386689235
RX_06065,6065.326633165829,6.065326633165829,6.290227923381578e-06,3.8854313359762256e-05,6.308166522489013e-06,3.8795548766271015e-05,3.9360190980058634e-05,3.9305057803691925e-05,-78.09885605980153,-78.11103121391672,-0.012175154115183773
RX_06487,6487.437185929648,6.487437185929648,-3.648119751219915e-05,-4.8272556805893965e-06,-3.654299144401138e-05,-4.827515096514031e-06,3.679918707430733e-05,3.686048189706911e-05,-78.68323550318296,-78.66877982625105,0.014455676931902417
RX_06909,6909.547738693467,6.909547738693467,1.4202525971834016e-05,-3.1497081845872026e-05,1.4220172098206709e-05,-3.143748810622189e-05,3.4551091282131466e-05,3.450404255926339e-05,-79.23076462118017,-79.24260038356145,-0.011835762381281256
RX_07331,7331.658291457286,7.331658291457287,2.4572872330148608e-05,2.1364656048315185e-05,2.4625163046616856e-05,2.13303997175155e-05,3.256185778816365e-05,3.257889818857369e-05,-79.74581649572357,-79.7412721505281,0.004544345195469646
RX_07753,7753.768844221106,7.7537688442211055,-2.603604856580017e-05,1.6434707386140765e-05,-2.60841905798904e-05,1.6394260274291786e-05,3.078920966489356e-05,3.080838795116136e-05,-80.23202917911752,-80.22662051092917,0.0054086681883518395
RX_08175,8175.879396984925,8.175879396984925,-7.816825948392387e-06,-2.8133857172073013e-05,-7.841843949588203e-06,-2.807576810847589e-05,2.9199600806964207e-05,2.9150356282738725e-05,-80.69246171659172,-80.70712265639655,-0.014660939804826967
RX_08597,8597.989949748744,8.597989949748744,2.775992186032386e-05,5.844103780488616e-07,2.7823126014706602e-05,5.916850782780558e-07,2.7766072772022652e-05,2.782941667484427e-05,-81.12971084867654,-81.10991793408186,0.01979291459467447
RX_09020,9020.100502512563,9.020100502512562,-8.152167869258234e-06,2.5179933996092134e-05,-8.163467445749317e-06,2.5116939537254672e-05,2.6466713377677304e-05,2.64102792953031e-05,-81.54599971614131,-81.56454011992241,-0.018540403781102555
RX_09442,9442.211055276382,9.442211055276383,-2.0793390822909807e-05,-1.4383731223640199e-05,-2.0850805102739713e-05,-1.4354597940507898e-05,2.5283528745572518e-05,2.5314236221266287e-05,-81.94324625986505,-81.93270343142744,0.010542828437607454
RX_09864,9864.321608040202,9.864321608040202,1.891590353649786e-05,-1.5096565021789971e-05,1.8960602612862203e-05,-1.5049690761347562e-05,2.4201604948003442e-05,2.4207388199784527e-05,-82.32311664985467,-82.3210413046061,0.0020753452485706703
RX_10286,10286.43216080402,10.28643216080402,8.641178102884985e-06,2.1539809712076995e-05,8.673390048294908e-06,2.148316553760878e-05,2.3208476068847462e-05,2.3167954084168993e-05,-82.68706751110466,-82.70224632393017,-0.01517881282551059
RX_10708,10708.54271356784,10.70854271356784,-2.220449399282624e-05,1.991709773413039e-06,-2.226840144626617e-05,1.9770840414724344e-06,2.229364172357145e-05,2.2355996159400152e-05,-83.03637965213858,-83.01211947329608,0.024260178842496316
RX_11130,11130.653266331658,11.130653266331658,4.315706600061846e-06,-2.1009514938561265e-05,4.3201292240897335e-06,-2.094370175418665e-05,2.1448194362496958e-05,2.138462437549828e-05,-83.37218526903632,-83.39796747590685,-0.0257822068705309
RX_11552,11552.763819095477,11.552763819095476,1.818751274928964e-05,9.810051425920486e-06,1.824964592526996e-05,9.786722373852671e-06,2.066452827878676e-05,2.070819913031046e-05,-83.69549008324013,-83.67715334977504,0.018336733465091015
RX_11974,11974.874371859296,11.974874371859295,-1.4115492084485369e-05,1.407840088760462e-05,-1.4155973860666416e-05,1.402528922191124e-05,1.9936110160692726e-05,1.9927376488191575e-05,-84.00719150478366,-84.01099747977837,-0.0038059749947052524
RX_12396,12396.984924623115,12.396984924623116,-9.097370809252847e-06,-1.6972958303971393e-05,-9.13682120182247e-06,-1.691856007247368e-05,1.925729651922609e-05,1.9228083019374896e-05,-84.30809364764926,-84.32128022849776,-0.013186580848497442
RX_12819,12819.095477386934,12.819095477386934,1.8252084045167646e-05,-3.6992606009884935e-06,1.8315936744130588e-05,-3.6770059712966693e-06,1.862318718656635e-05,1.8681378742693068e-05,-84.59891983005035,-84.57182149333144,0.02709833671890749
RX_13241,13241.206030150754,13.241206030150753,-1.657995765528561e-06,1.7953110226137095e-05,-1.655051492398642e-06,1.7885126513080627e-05,1.8029506836026852e-05,1.7961540742135418e-05,-84.88032304882586,-84.9131282452369,-0.03280519641104718
RX_13663,13663.316582914573,13.663316582914574,-1.6199079383272222e-05,-6.548158454877958e-06,-1.6265451260522904e-05,-6.531295552334527e-06,1.747250846374798e-05,1.7527770146267635e-05,-85.15289480960455,-85.12546661225846,0.02742819734608304
RX_14085,14085.427135678392,14.085427135678392,1.0607261533970404e-05,-1.3219342578331312e-05,1.064274779834226e-05,-1.3160261463979605e-05,1.6948894225091243e-05,1.692514586346084e-05,-85.41717261306026,-85.42935159622631,-0.012178983166052149
RX_14507,14507.537688442211,14.507537688442211,9.325991154396815e-06,1.3557934947771202e-05,9.372650545843965e-06,1.3506610557435438e-05,1.6455750091074042e-05,1.6440045833413472e-05,-85.67364633546894,-85.68193952038311,-0.008293184914165863
RX_14929,14929.64824120603,14.92964824120603,-1.5225959949962518e-05,4.88528043019769e-06,-1.5288952172736182e-05,4.855182085492104e-06,1.5990491589677132e-05,1.6041348185969217e-05,-85.92276369392783,-85.89518268971304,0.027581004214795257
RX_15351,15351.75879396985,15.35175879396985,-2.863995190086301e-07,-1.5548180963988566e-05,-2.971542249805935e-07,-1.5478739357814752e-05,1.555081849850434e-05,1.5481591414986614e-05,-86.16493494942601,-86.20368796967335,-0.038753020247341396
RX_15773,15773.869346733669,15.773869346733669,1.4571571938680029e-05,4.0899551880391536e-06,1.4641626707866266e-05,4.0801948958510345e-06,1.5134676812019992e-05,1.5199513908037703e-05,-86.40053697185539,-86.3634060179895,0.0371309538658835
RX_16195,16195.979899497488,16.195979899497488,-7.900827927155198e-06,1.2443922208918564e-05,-7.930542490139823e-06,1.2379219738692543e-05,1.4740226656199429e-05,1.4701652476056839e-05,-86.62991676810122,-86.65267695007233,-0.022760181971108295
RX_16618,16618.090452261305,16.618090452261306,-9.397216171983422e-06,-1.0865954698349303e-05,-9.450977586429128e-06,-1.0818553874312819e-05,1.4365815093114838e-05,1.4365308394552295e-05,-86.8533945561286,-86.85370092269281,-0.000306366564203131
RX_17040,17040.201005025127,17.040201005025125,1.2786705957739726e-05,-5.725288892537027e-06,1.2847988025208429e-05,-5.6871999606514465e-06,1.4009952967540772e-05,1.4050446245167198e-05,-87.07126645341629,-87.0461976450911,0.02506880832518732
RX_17462,17462.311557788944,17.462311557788944,1.757711023268774e-06,1.3557830283201207e-05,1.7766675259080067e-06,1.3487705785728052e-05,1.3671295111634752e-05,1.3604218274490381e-05,-87.28380683637721,-87.32652817188388,-0.04272133550666979
RX_17884,17884.422110552765,17.884422110552766,-1.31714013555372e-05,-2.167932597807734e-06,-1.3244507846875646e-05,-2.1658798212336776e-06,1.3348623352888663e-05,1.3420433059554292e-05,-87.49127041793146,-87.44466939669336,0.04660102123810361
RX_18306,18306.532663316582,18.30653266331658,5.733166662615794e-06,-1.1712988344380815e-05,5.756341229452525e-06,-1.1643094323836077e-05,1.3040831872887939e-05,1.2988345151852057e-05,-87.69389408269285,-87.72892357931144,-0.03502949661859134
RX_18728,18728.643216080403,18.728643216080403,9.350664738544071e-06,8.663076785432411e-06,9.411340422076328e-06,8.620465969378953e-06,1.274691454599698e-05,1.276267064800422e-05,-87.89189851293133,-87.88116875942704,0.010729753504293171
RX_19150,19150.75376884422,19.150753768844222,-1.0746297307339473e-05,6.317998269057454e-06,-1.0804979466741348e-05,6.2718444365079916e-06,1.2465953952487735e-05,1.249334278375721e-05,-88.0854896332979,-88.06642687974964,0.01906275354825482
RX_19572,19572.86432160804,19.57286432160804,-2.8925866525018445e-06,-1.1849155203840803e-05,-2.9200786025191887e-06,-1.1779182874368816e-05,1.2197111813332671e-05,1.213573270275487e-05,-88.27485989802622,-88.31867995457321,-0.04382005654699128
RX_19994,19994.97487437186,19.99497487437186,1.1923092975695894e-05,6.280086291061829e-07,1.1998545192567045e-05,6.342307682148777e-07,1.1939620636574706e-05,1.2015295893377914e-05,-88.46018944078232,-88.405310592451,0.05487884833131318
RX_20417,20417.08542713568,20.41708542713568,-3.950943326912546e-06,1.1005047331400827e-05,-3.966823301300111e-06,1.0930474554086059e-05,1.1692776399933732e-05,1.1628024814269203e-05,-88.64164710438277,-88.68988100227594,-0.04823389789316934
RX_20839,20839.195979899498,20.839195979899497,-9.211020950544409e-06,-6.811422307349639e-06,-9.278339422649262e-06,-6.774479537072852e-06,1.1455932122722634e-05,1.148830515960062e-05,-88.81939136513489,-88.79488073889749,0.024510626237400857
RX_21261,21261.306532663315,21.261306532663315,8.99289333065764e-06,-6.723608161326849e-06,9.048049723178126e-06,-6.669392003857652e-06,1.1228492203481626e-05,1.124046233454052e-05,-88.99357116448044,-88.98431650628163,0.009254658198813104
RX_21683,21683.417085427136,21.683417085427138,3.774682559441619e-06,1.0342622150601933e-05,3.810980601071647e-06,1.0273694649058305e-05,1.1009907418987431e-05,1.0957754098529208e-05,-89.1643266588791,-89.20556899470827,-0.04124233582916759
RX_22105,22105.527638190953,22.105527638190953,-1.078158228198516e-05,6.247930249274578e-07,-1.0858600134375553e-05,6.097718246618738e-07,1.0799670496233407e-05,1.0875707726691272e-05,-89.33178989739179,-89.27084944278447,0.06094045460731934
RX_22527,22527.638190954774,22.527638190954775,2.458978827373199e-06,-1.030807686303031e-05,2.4668289711205866e-06,-1.0229422148266059e-05,1.0597312182228588e-05,1.0522657585429455e-05,-89.49608543517037,-89.55749123230211,-0.06140579713174077
RX_22949,22949.748743718592,22.94974874371859,8.995024409436885e-06,5.224884187355285e-06,9.068627774916405e-06,5.194494059421516e-06,1.0402397747521515e-05,1.0450970206318202e-05,-89.65733088999455,-89.61686780695972,0.0404630830348367
RX_23371,23371.859296482413,23.371859296482413,-7.456362152272543e-06,6.981343804503089e-06,-7.507034759783476e-06,6.919148848207663e-06,1.0214523868615516e-05,1.0209318864069766e-05,-89.81563744808486,-89.82006463611413,-0.004427188029268336
RX_23793,23793.96984924623,23.79396984924623,-4.458327440933259e-06,-8.988367105278082e-06,-4.50363418394509e-06,-8.92143219532221e-06,1.0033315842224025e-05,9.993731699346866e-06,-89.97111032464039,-90.00544628389477,-0.03433595925437771
RX_24216,24216.08040201005,24.21608040201005,9.71898036590912e-06,-1.6522608509202449e-06,9.796710501474037e-06,-1.6279651983551358e-06,9.858425090875858e-06,9.931052680191922e-06,-90.12384918387872,-90.06009428695484,0.06375489692388214
RX_24638,24638.19095477387,24.63819095477387,-1.195194218328645e-06,9.615531332662438e-06,-1.1943040873756924e-06,9.533476412785952e-06,9.689526924929787e-06,9.607993274678557e-06,-90.2739485227781,-90.34734619197606,-0.0733976691979592
RX_25060,25060.30150753769,25.06030150753769,-8.71491553006317e-06,-3.847205746185432e-06,-8.794356988753453e-06,-3.824254566882978e-06,9.526318530766145e-06,9.589871627814525e-06,-90.42149802222181,-90.3637441270871,0.05775389513470941
RX_25482,25482.412060301507,25.482412060301506,6.090922998315194e-06,-7.118270210223042e-06,6.136125445760096e-06,-7.048264754097488e-06,9.368517158929354e-06,9.34505599394447e-06,-90.566582868812,-90.58836184121235,-0.02177897240034099
RX_25904,25904.52261306533,25.90452261306533,4.9806146728911296e-06,7.754065074339482e-06,5.0350599363722615e-06,7.690123218690785e-06,9.215858489414308e-06,9.191834620004223e-06,-90.70928405024524,-90.73195596199531,-0.022671911750066442
RX_26326,26326.633165829146,26.326633165829147,-8.71768886693402e-06,2.496447585115014e-06,-8.795205469851584e-06,2.462456047252132e-06,9.06809515421469e-06,9.13341825613805e-06,-90.84967862681347,-90.78733307594021,0.062345550873260436
RX_26748,26748.743718592967,26.748743718592966,1.1741160471197575e-07,-8.924223069872462e-06,1.0710067615610782e-07,-8.839535442354467e-06,8.924995399761555e-06,8.840184239679277e-06,-90.98783998130963,-91.07077367385108,-0.08293369254144523
RX_27170,27170.854271356784,27.170854271356784,8.380262293154514e-06,2.6402665443909063e-06,8.465003758276023e-06,2.6256377890784277e-06,8.786341874039346e-06,8.862858592297625e-06,-91.12383804936704,-91.04852359695487,0.07531445241217227
RX_27592,27592.964824120605,27.592964824120607,-4.865741937805421e-06,7.15405180332091e-06,-4.90446300431783e-06,7.076492555665334e-06,8.651930525028366e-06,8.60990733115689e-06,-91.25773953204208,-91.30003045706812,-0.042290925026037485
RX_28015,28015.075376884422,28.015075376884422,-5.368023280225594e-06,-6.618268239425558e-06,-5.431659600626826e-06,-6.558370449976751e-06,8.521569598731974e-06,8.515582715011923e-06,-91.38960809225851,-91.39571256470217,-0.006104472443652753
RX_28437,28437.18592964824,28.43718592964824,7.766565669572491e-06,-3.187131080354814e-06,7.842871062626163e-06,-3.143081048013184e-06,8.395078726441202e-06,8.449235763035525e-06,-91.51950453656112,-91.46365142788547,0.055853108675648855
RX_28859,28859.29648241206,28.85929648241206,8.040567431186752e-07,8.233118669893332e-06,8.244343455775215e-07,8.146652565704572e-06,8.272288092100079e-06,8.188262331927863e-06,-91.64748698347788,-91.73616504104146,-0.08867805756358393
RX_29281,29281.40703517588,29.281407035175878,-7.998984182240745e-06,-1.5774268059848023e-06,-8.088393884632773e-06,-1.5719970258700598e-06,8.15303767168882e-06,8.239738483854275e-06,-91.77361101965755,-91.68173143795414,0.09187958170340949
RX_29703,29703.5175879397,29.7035175879397,3.7595262302336653e-06,-7.1036729385927775e-06,3.7907328922272766e-06,-7.018908547068654e-06,8.037176537460795e-06,7.977138149256735e-06,-91.8979298448323,-91.96305773415317,-0.06512788932086266
RX_30125,30125.628140703517,30.125628140703515,5.64024938542659e-06,5.566531528654313e-06,5.713047763726134e-06,5.511777672742775e-06,7.924562220672354e-06,7.9384260319261e-06,-92.02049440655189,-92.00531194997367,0.015182456578216375
RX_30547,30547.738693467338,30.547738693467338,-6.8586660902935745e-06,3.7461799546725714e-06,-6.932690931018906e-06,3.6917721327879178e-06,7.815060127147682e-06,7.854386355754421e-06,-92.14135352554337,-92.09775479356233,0.043598731981035144
RX_30969,30969.849246231155,30.969849246231156,-1.5907907493029128e-06,-7.542613604355872e-06,-1.6218420337340483e-06,-7.455311270269654e-06,7.708543000637799e-06,7.62968136418529e-06,-92.26055401246805,-92.34987197921333,-0.08931796674528414
RX_31391,31391.959798994976,31.391959798994975,7.577950439127829e-06,6.395510819659867e-07,7.671300351347124e-06,6.441864221587123e-07,7.60489042947507e-06,7.698300151791442e-06,-92.37814077677498,-92.27210320095351,0.10603757582147466
RX_31814,31814.070351758794,31.814070351758794,-2.757261488902283e-06,6.979065186443133e-06,-2.7799012792824105e-06,6.887539776870316e-06,7.503988392502094e-06,7.427385495618683e-06,-92.49415692828396,-92.58328069557996,-0.08912376729600169
RX_32236,32236.180904522615,32.23618090452261,-5.812525285549381e-06,-4.589048862940557e-06,-5.89437112577584e-06,-4.5405866779605456e-06,7.4057288406750985e-06,7.440466272247507e-06,-92.60864387207349,-92.56799695274103,0.040646919332459674
RX_32658,32658.291457286432,32.65829145728643,5.989847164055186e-06,-4.19022279596627e-06,6.060449967290673e-06,-4.125225287301615e-06,7.310009311114134e-06,7.331203003397615e-06,-92.72164139719598,-92.69649509143674,0.025146305759236043
RX_33080,33080.40201005025,33.08040201005025,2.2589674803354205e-06,6.854071411928609e-06,2.301256984143792e-06,6.766964965254687e-06,7.2167325707019236e-06,7.147558922321309e-06,-92.83318775969612,-92.9168451152483,-0.08365735555217668
RX_33502,33502.51256281407,33.50251256281407,-7.123339849478975e-06,1.8746899299152964e-07,-7.219802706874942e-06,1.719154670248792e-07,7.125806286625283e-06,7.22184921290947e-06,-92.94331976036582,-92.82703167150703,0.11628808885879494
RX_33924,33924.62311557789,33.92462311557789,1.8481596031397914e-06,-6.790116623759732e-06,1.8611620185100933e-06,-6.692373509051321e-06,7.037142721512481e-06,6.946350642157107e-06,-93.05207281763094,-93.16486595776283,-0.11279314013188468
RX_34346,34346.73366834171,34.346733668341706,5.897075557027955e-06,3.6791510947315507e-06,5.987764718955712e-06,3.6381762312620356e-06,6.950658451050586e-06,7.006400832045709e-06,-93.15948103593136,-93.09010041154538,0.06938062438598536
RX_34768,34768.84422110553,34.76884422110553,-5.157868735759393e-06,4.532340471637038e-06,-5.223834376613877e-06,4.456592429920941e-06,6.866274102172388e-06,6.866561124807784e-06,-93.26557726992442,-93.26521419166798,0.0003630782564414403
RX_35190,35190.95477386934,35.19095477386934,-2.821091531094959e-06,-6.169516449950136e-06,-2.875138471772217e-06,-6.083730645674907e-06,6.783914110085787e-06,6.728907771770148e-06,-93.37039318481438,-93.44110848428414,-0.07071529946976796
RX_35613,35613.065326633165,35.61306532663316,6.6408606542788585e-06,-9.143134399887306e-07,6.739506273965083e-06,-8.870033646893989e-07,6.7035064925823e-06,6.7976260404486085e-06,-93.47395931308486,-93.35285462099874,0.12110469208612074
RX_36035,36035.175879396986,36.03517587939699,-1.0243221657173998e-06,6.545315812386433e-06,-1.0265987819751547e-06,6.44200159493724e-06,6.624982640207887e-06,6.523288251206351e-06,-93.57630510788891,-93.7106686087855,-0.13436350089658333
RX_36457,36457.28643216081,36.45728643216081,-5.9040589250047865e-06,-2.832317331024216e-06,-6.003293774841733e-06,-2.8000748375100788e-06,6.548277121010443e-06,6.624194686353248e-06,-93.67745899332962,-93.57733824074849,0.10012075258113384
RX_36879,36879.39698492462,36.87939698492462,4.361792896302291e-06,-4.783171712905791e-06,4.421829640582283e-06,-4.696586550158131e-06,6.473327498696111e-06,6.450620326252219e-06,-93.7774484118471,-93.80797038539008,-0.03052197354297448
RX_37301,37301.50753768844,37.301507537688444,3.2871355716570462e-06,5.4914195821426706e-06,3.353411911357786e-06,5.408175943815727e-06,6.400074163132259e-06,6.363469060701357e-06,-93.87629986890823,-93.92612126192587,-0.04982139301763766
RX_37723,37723.61809045226,37.72361809045226,-6.135885190018963e-06,1.5492969652095575e-06,-6.235675684525645e-06,1.5094069430364728e-06,6.328460172230018e-06,6.415758767462433e-06,-93.97403897518225,-93.85503947779924,0.1189994973830153
RX_38145,38145.72864321608,38.14572864321608,2.798434301858473e-07,-6.252171426165788e-06,2.7028628728265886e-07,-6.144040801480562e-06,6.2584311043249585e-06,6.149983093257326e-06,-94.07069048636959,-94.22252156258969,-0.1518310762201054
RX_38567,38567.8391959799,38.5678391959799,5.8421920595872884e-06,2.0455039124492e-06,5.949577349764056e-06,2.02329170381764e-06,6.189934920251565e-06,6.284200821072062e-06,-94.16627834083903,-94.0349988975621,0.13127944327692376
RX_38989,38989.94974874372,38.98994974874372,-3.6015693618574384e-06,4.951653251351492e-06,-3.6543038218488537e-06,4.8542213946672675e-06,6.1229218343769505e-06,6.075969204236026e-06,-94.26082569521625,-94.32768872009632,-0.0668630248800639
RX_39412,39412.06030150754,39.41206030150754,-3.6653109879753458e-06,-4.82254228027796e-06,-3.7442406114657103e-06,-4.743165201273498e-06,6.057344193922065e-06,6.042925937252663e-06,-94.35435495805635,-94.37505456957197,-0.020699611515624383
RX_39834,39834.17085427136,39.83417085427136,5.613530848698425e-06,-2.0990937657728266e-06,5.713314185841202e-06,-2.0458138728288373e-06,5.99315636595569e-06,6.068551177043269e-06,-94.44688782172253,-94.33829962468847,0.10858819703405231
RX_40256,40256.281407035174,40.256281407035175,3.898073803011495e-07,5.917489487512625e-06,4.12329705316188e-07,5.805411174462677e-06,5.930314631498035e-06,5.820035626219332e-06,-94.5384452925846,-94.70148713785065,-0.1630418452660507
RX_40678,40678.391959798995,40.678391959798994,-5.7191701412353085e-06,-1.316676643414856e-06,-5.8342084776631685e-06,-1.3058516798001975e-06,5.868777086217512e-06,5.978564808586906e-06,-94.6290477196424,-94.46806117146318,0.1609865481792241
RX_41100,41100.502512562816,41.10050251256282,2.877740678759961e-06,-5.045524952290659e-06,2.9217098803223436e-06,-4.937316158322909e-06,5.8085035472467e-06,5.737027058678536e-06,-94.71871482167175,-94.8262620352706,-0.10754721359884911
RX_41522,41522.61306532663,41.52261306532663,3.962599155552162e-06,4.1658187771767595e-06,4.054558418737859e-06,4.09174441997292e-06,5.749455465682048e-06,5.7603659926551175e-06,-94.80746571298342,-94.7909984442409,0.016467268742516694
RX_41944,41944.72361809045,41.94472361809045,-5.0787063580345e-06,2.5692421031259104e-06,-5.177207511731034e-06,2.5017721091429053e-06,5.69159584436693e-06,5.7499862004712315e-06,-94.89531892787939,-94.8066639516557,0.0886549762236939
RX_42366,42366.83417085427,42.366834170854275,-9.882207188243694e-07,-5.5475576304366775e-06,-1.0248701366023783e-06,-5.43252202081964e-06,5.634889160589581e-06,5.528350052555435e-06,-94.98229244388456,-95.1480893087698,-0.16579686488523748
RX_42788,42788.94472361809,42.788944723618094,5.541953826958571e-06,6.444770763254328e-07,5.6640403794349204e-06,6.464652443950804e-07,5.579301293356519e-06,5.700813164109141e-06,-95.06840370382693,-94.88126384269954,0.18713986112739178
RX_43211,43211.05527638191,43.211055276381906,-2.1912270605861262e-06,5.071679503491334e-06,-2.2248664999007643e-06,4.952844754889972e-06,5.52479945492857e-06,5.429613440054622e-06,-95.15366963683394,-95.30462177591063,-0.15095213907669347
RX_43633,43633.16582914573,43.633165829145725,-4.185123423974044e-06,-3.5242638971009084e-06,-4.2904434168617616e-06,-3.457053039316075e-06,5.4713521263308485e-06,5.509911109077618e-06,-95.23810667830813,-95.17710815054501,0.060998527763118204
RX_44055,44055.27638190955,44.05527638190955,4.5361352187641865e-06,-2.964501433117595e-06,4.631943854710001e-06,-2.8820440058164525e-06,5.418928996570179e-06,5.455371804437191e-06,-95.3217307889413,-95.26351290476556,0.05821788417573259
RX_44477,44477.38693467337,44.47738693467337,1.5183580479735813e-06,5.148267165435014e-06,1.570338169013066e-06,5.031396528736412e-06,5.367500905313609e-06,5.270760191323461e-06,-95.40455747282198,-95.56253485670692,-0.15797738388494054
RX_44899,44899.497487437184,44.89949748743718,-5.316966169785886e-06,-2.7979725481991272e-08,-5.44538213287797e-06,-4.429080890501283e-08,5.31703978880031e-06,5.445562252772444e-06,-95.4866017946878,-95.27914545619849,0.20745633848930822
RX_45321,45321.608040201005,45.321608040201006,1.5431657177232824e-06,-5.036406662705643e-06,1.56479183024174e-06,-4.907179691076675e-06,5.267518628776002e-06,5.150629669516792e-06,-95.5678783963704,-95.76279349575721,-0.1949150993868045
RX_45743,45743.718592964826,45.743718592964825,4.338412389227588e-06,2.900898858363834e-06,4.4573833897051436e-06,2.842255311099795e-06,5.218911404254725e-06,5.286462137979833e-06,-95.64840151247837,-95.5366974778827,0.11170403459567524
RX_46165,46165.82914572865,46.165829145728644,-3.9903639191374786e-06,3.289108285096263e-06,-4.081917111816847e-06,3.1908581535321907e-06,5.171193045926936e-06,5.181083194053735e-06,-95.72818498535958,-95.71158868145935,0.01659630390022926
RX_46587,46587.93969849246,46.58793969849246,-1.9827779352032223e-06,-4.725192681234886e-06,-2.051351016995768e-06,-4.607755122419618e-06,5.12433939304614e-06,5.043753390394281e-06,-95.80724227938279,-95.94492312004895,-0.13768084066616382
RX_47010,47010.05025125628,47.01005025125628,5.050227507384018e-06,-5.334873877465718e-07,5.184131599483029e-06,-5.012376663181505e-07,5.078327152638244e-06,5.208306791932915e-06,-95.88558649457511,-95.66606883703335,0.21951765754175767
RX_47432,47432.1608040201,47.4321608040201,-9.347885559829081e-07,4.94556435780895e-06,-9.425733292772901e-07,4.806262863828151e-06,5.0331338608889456e-06,4.897816574482802e-06,-95.96323037964979,-96.19994966875694,-0.23671928910715678
RX_47854,47854.271356783924,47.854271356783926,-4.427587256447041e-06,-2.298690146234247e-06,-4.560466057828667e-06,-2.2504870948508665e-06,4.988737846574689e-06,5.085522866795276e-06,-96.040186344457,-95.87328777128465,0.1668985731723467
RX_48276,48276.38190954774,48.27638190954774,3.445759982205898e-06,-3.5469609698323694e-06,3.5313177781834714e-06,-3.4320885619365983e-06,4.945118196412071e-06,4.924371751552748e-06,-96.11646647188779,-96.15298337332885,-0.03651690144106112
RX_48698,48698.49246231156,48.698492462311556,2.3838017955604535e-06,4.283642184042287e-06,2.4703136801130323e-06,4.167071104121623e-06,4.9022547222093445e-06,4.844267877085143e-06,-96.19208252926,-96.2954369871972,-0.10335445793720055
RX_49120,49120.60301507538,49.12060301507538,-4.747446810841335e-06,1.0404769441919741e-06,-4.8858637654792096e-06,9.905349046987972e-07,4.860127929711586e-06,4.985260688494568e-06,-96.26704597921263,-96.04624253394918,0.2208034452634422
RX_49542,49542.71356783919,49.54271356783919,3.673276646313109e-07,-4.804698021948614e-06,3.592620538254688e-07,-4.6557246972033e-06,4.81871898903852e-06,4.669565470091157e-06,-96.34136799013426,-96.61447062303245,-0.2731026328981869
RX_49964,49964.824120603014,49.96482412060301,4.457495080026177e-06,1.7204982906429048e-06,4.6045162044453975e-06,1.6848160370374888e-06,4.778009706620815e-06,4.903078069504804e-06,-96.41505944614904,-96.19062383246492,0.2244356136841219
RX_50386,50386.934673366835,50.38693467336684,-2.906503302615313e-06,3.7417531597399565e-06,-2.9841138799638324e-06,3.6093805021927346e-06,4.7379824985469995e-06,4.6832214615798255e-06,-96.48813095668257,-96.5891060936945,-0.10097513701192895
RX_50809,50809.04522613066,50.80904522613066,-2.723635911464949e-06,-3.828686557870264e-06,-2.829552330011829e-06,-3.7146082311181677e-06,4.698620365238924e-06,4.669548232855745e-06,-96.56059286562879,-96.6145026861873,-0.05390982055850202
RX_51231,51231.15577889447,51.23115577889447,4.414081993125072e-06,-1.49352340812478e-06,4.555886475878046e-06,-1.4239510468997287e-06,4.6599068673791824e-06,4.7732314175048454e-06,-96.6324552601377,-96.42375019007292,0.20870507006478078
RX_51653,51653.26633165829,51.653266331658294,1.5805848322434271e-07,4.619122648558624e-06,1.842173904756048e-07,4.460966148181572e-06,4.621826103018851e-06,4.464768193554462e-06,-96.70372797904251,-97.00402168678988,-0.30029370774737174
RX_52075,52075.37688442211,52.07537688442211,-4.43280268424574e-06,-1.1690344723258608e-06,-4.5941950321359435e-06,-1.1482148659027913e-06,4.5843626857985875e-06,4.735506875888024e-06,-96.77442062094364,-96.49267056924577,0.2817500516978697
RX_52497,52497.48743718593,52.49748743718593,2.3765732020850224e-06,-3.877069995101851e-06,2.4440226637397185e-06,-3.72623548092855e-06,4.547501724220423e-06,4.4562403032381696e-06,-96.84454255196677,-97.02062795652321,-0.17608540455644572
RX_52919,52919.59798994975,52.91959798994975,3.004461085158679e-06,3.36517442207141e-06,3.1314205351365344e-06,3.255447696469661e-06,4.511228801911572e-06,4.517049288232795e-06,-96.91410291320993,-96.90290341130591,0.011199501904016529
RX_53341,53341.70854271357,53.34170854271357,-4.055377818923254e-06,1.8932192578061952e-06,-4.199271365870408e-06,1.8018267626035063e-06,4.47552995882532e-06,4.569514163087072e-06,-96.98311062789489,-96.80259944502181,0.18051118287307588
RX_53763,53763.81909547739,53.76381909547739,-6.403429446557549e-07,-4.3939775973240525e-06,-6.871488804521664e-07,-4.227213670087678e-06,4.440391673327485e-06,4.282698798244256e-06,-97.05157440823668,-97.36564936829224,-0.3140749600555637
RX_54185,54185.92964824121,54.18592964824121,4.35806153425266e-06,6.468235853220917e-07,4.534072926838459e-06,6.435494158513907e-07,4.405800845120167e-06,4.579516694644986e-06,-97.1195027620444,-96.78360706841273,0.33589569363167016
RX_54608,54608.040201005024,54.608040201005025,-1.8597329552523633e-06,3.956456210738362e-06,-1.9144719540157546e-06,3.7860628547408237e-06,4.3717447789574645e-06,4.242578791579613e-06,-97.18690399906613,-97.44740166762826,-0.26049766856212386
RX_55030,55030.150753768845,55.030150753768844,-3.2284978306176196e-06,-2.8977366867080498e-06,-3.37838930793383e-06,-2.794511132026753e-06,4.338211169110653e-06,4.384382143812634e-06,-97.25378623708927,-97.16183199322819,0.09195424386108186
RX_55452,55452.261306532666,55.45226130653266,3.6763875217452437e-06,-2.240272133747577e-06,3.820864704478497e-06,-2.124518449988871e-06,4.305188084542887e-06,4.371794338057621e-06,-97.32015740780803,-97.1868055343898,0.13335187341822063
RX_55874,55874.37185929648,55.87437185929648,1.078675687225257e-06,4.134261243808787e-06,1.1491069246279365e-06,3.959554297342633e-06,4.272663954755892e-06,4.122925776415626e-06,-97.3860252624683,-97.69588967158514,-0.309864409116841
RX_56296,56296.4824120603,56.2964824120603,-4.237750832312864e-06,-1.5617283456743445e-07,-4.428684486175602e-06,-1.7358556590102533e-07,4.240627556273388e-06,4.432085087944684e-06,-97.45139737730021,-97.06783821076341,0.38355916653679856
RX_56718,56718.59296482412,56.71859296482412,1.3595130820894703e-06,-3.9834630167685085e-06,1.3985475934608725e-06,-3.792201364539978e-06,4.209067999728073e-06,4.041871665502762e-06,-97.51628115874769,-97.8683495999314,-0.35206844118371805
RX_57140,57140.70351758794,57.140703517587944,3.398052719667517e-06,2.4307839177114205e-06,3.5731319661339395e-06,2.3365867455469837e-06,4.177974717520953e-06,4.269298498216543e-06,-97.58068384850417,-97.3928695879394,0.1878142605647639
RX_57562,57562.81407035176,57.562814070351756,-3.2819825322764244e-06,2.5355470018894035e-06,-3.4252801580673534e-06,2.3923904894049786e-06,4.147337452023637e-06,4.178046961804679e-06,-97.64461252836286,-97.58053365600837,0.06407887235448584
RX_57984,57984.92462311558,57.984924623115575,-1.472418803339163e-06,-3.844850590659326e-06,-1.5700497568238588e-06,-3.662956043843672e-06,4.1171462442959325e-06,3.98526074655518e-06,-97.7080741248902,-97.99086516874274,-0.2827910438525407
RX_58407,58407.0351758794,58.4070351758794,4.076304093953368e-06,-3.008547503788708e-07,4.282573943234535e-06,-2.589764422149756e-07,4.087391423292675e-06,4.290397228333727e-06,-97.77107541392928,-97.3500499321237,0.42102548180558585
RX_58829,58829.14572864322,58.82914572864322,-8.791943865070676e-07,3.961678605861745e-06,-8.989192059646093e-07,3.747909194820379e-06,4.058063595535215e-06,3.854202780273916e-06,-97.83362302494157,-98.28130879289907,-0.4476857679574948
RX_59251,59251.25628140703,59.25125628140703,-3.5155499515593616e-06,-1.9684988072978027e-06,-3.718617680903056e-06,-1.8863680829397124e-06,4.029153635224388e-06,4.169712460237333e-06,-97.89572344519317,-97.59787785130595,0.2978455938872173
RX_59673,59673.366834170854,59.67336683417086,2.8768535601267894e-06,-2.780096296489586e-06,3.0168724128147213e-06,-2.6057644270516253e-06,4.000652674773116e-06,3.986417866266681e-06,-97.95738302379263,-97.9883435883653,-0.03096056457266627
RX_60095,60095.477386934675,60.095477386934675,1.8211732629887625e-06,3.5305096090404928e-06,1.9504407210454605e-06,3.3422774155131487e-06,3.9725520957380014e-06,3.869759337292384e-06,-98.01860797558626,-98.24632086363151,-0.2277128880452466
RX_60517,60517.5879396985,60.517587939698494,-3.878123078025259e-06,7.22462310437664e-07,-4.100340349713635e-06,6.514238021086077e-07,3.944843520130429e-06,4.151763956855371e-06,-98.07940438491741,-97.63534691412283,0.4440574707945757
RX_60939,60939.69849246231,60.93969849246231,4.2179149329597315e-07,-3.894745883995816e-06,4.1772862871682987e-07,-3.656314211791677e-06,3.917518802088791e-06,3.680099295209225e-06,-98.13977820925476,-98.68280926359665,-0.5430310543418955
RX_61361,61361.80904522613,61.36180904522613,3.58355115008229e-06,1.5148254798639877e-06,3.818235511524823e-06,1.4485207301532657e-06,3.89057001989442e-06,4.083764773729381e-06,-98.19973528269568,-97.77878562755673,0.4209496551389549
RX_61783,61783.91959798995,61.78391959798995,-2.4655054630547403e-06,2.975180233682508e-06,-2.5996859850066536e-06,2.7648019813664824e-06,3.863989468314824e-06,3.7950622151432567e-06,-98.25928131934927,-98.41562200026104,-0.156340680911768
RX_62206,62206.030150753766,62.20603015075377,-2.1247984623250558e-06,-3.1958891392886225e-06,-2.2914297092511824e-06,-3.0022686899696976e-06,3.837769651258644e-06,3.776806508045034e-06,-98.31842191660435,-98.45750528433834,-0.13908336773398844
RX_62628,62628.14070351759,62.62814070351759,3.6475819836584843e-06,-1.1071369600774127e-06,3.886696533314422e-06,-1.0008760398549788e-06,3.8119032747276548e-06,4.013497575585929e-06,-98.37716255828698,-97.92953990058594,0.4476226577010465
RX_63050,63050.25125628141,63.050251256281406,9.962529347892662e-09,3.786370133591625e-06,4.35909693771365e-08,3.5203029605509874e-06,3.786383240051866e-06,3.5205728378596692e-06,-98.43550861771178,-99.06773332088815,-0.6322247031763766
RX_63472,63472.36180904523,63.47236180904523,-3.6047656564119593e-06,-1.0734569585673614e-06,-3.875989454041107e-06,-1.0278054306520694e-06,3.761202637394565e-06,4.009947412512509e-06,-98.49346536063153,-97.93722645585265,0.5562389047788798
RX_63894,63894.47236180904,63.89447236180904,2.052247764244817e-06,-3.122278951927086e-06,2.1773649311353275e-06,-2.869271524441409e-06,3.736354739514806e-06,3.6018935470538655e-06,-98.5510379480891,-98.86938253555051,-0.3183445874614108
RX_64316,64316.582914572864,64.31658291457286,2.3834255124580523e-06,2.84552051742592e-06,2.5951589811434534e-06,2.647566173949511e-06,3.711832995775511e-06,3.7073517209527313e-06,-98.60823143917531,-98.61872419943623,-0.010492760260916612
RX_64738,64738.693467336685,64.73869346733669,-3.3890241486341448e-06,1.4536636154004918e-06,-3.646568144894072e-06,1.3039832272842797e-06,3.687631026385994e-06,3.872703382960657e-06,-98.66505079369679,-98.23971530208851,0.4253354916082799
RX_65160,65160.804020100506,65.1608040201005,-4.136299988025833e-07,-3.64031869301951e-06,-4.846339812929639e-07,-3.3422981820083803e-06,3.663742616868262e-06,3.3772514317534006e-06,-98.72150087475686,-99.42873211060684,-0.7072312358499886
RX_65582,65582.91457286432,65.58291457286433,3.582053067888386e-06,6.478218225004994e-07,3.896850003893643e-06,6.293167705519965e-07,3.6401617127370134e-06,3.947338286813519e-06,-98.77758645125337,-98.07391305962008,0.7036733916332878
RX_66005,66005.02512562813,66.00502512562814,-1.6411822663907286e-06,3.2230977596038143e-06,-1.7529905029285644e-06,2.918084090785836e-06,3.616882414383765e-06,3.4041431321633845e-06,-98.83331220029632,-99.3598437531715,-0.5265315528751842
RX_66427,66427.13567839196,66.42713567839196,-2.5974650037475056e-06,-2.4838046171893732e-06,-2.8653364315755627e-06,-2.2826773542748867e-06,3.593898972156045e-06,3.663436742982411e-06,-98.88868270954833,-98.72222606154067,0.16645664800766724
RX_66849,66849.24623115578,66.84924623115577,3.1067529989013257e-06,-1.761135014277769e-06,3.3852915048178807e-06,-1.5563183211166952e-06,3.5712057816229994e-06,3.7258992591367257e-06,-98.9437024794911,-98.5753778347026,0.3683246447884869
RX_67271,67271.3567839196,67.2713567839196,7.870805390992193e-07,3.4604142905590383e-06,9.06638435575895e-07,3.1238026301996135e-06,3.5487973790192545e-06,3.2527121184183406e-06,-98.99837592562035,-99.75508744579783,-0.7567115201774754
RX_67693,67693.46733668342,67.69346733668341,-3.5184194037825236e-06,-2.410708663978169e-07,-3.887464270463619e-06,-2.5897363299097983e-07,3.5266684368592356e-06,3.896080825228833e-06,-99.05270738057246,-98.18744084291782,0.8652665376546338
RX_68115,68115.57788944723,68.11557788944724,1.2361889083374165e-06,-3.2795665069011793e-06,1.328768373917872e-06,-2.90831956355725e-06,3.5048137597145527e-06,3.197490903082318e-06,-99.10670109618464,-99.90381364845932,-0.7971125522746831
RX_68537,68537.68844221106,68.53768844221106,2.767609833549069e-06,2.114997650320514e-06,3.108429123266028e-06,1.9119438362379553e-06,3.483228280147427e-06,3.6493644442966664e-06,-99.16036124549166,-98.75565527179388,0.40470597369777295
RX_68959,68959.79899497487,68.95979899497488,-2.805018645030382e-06,2.028958071784803e-06,-3.1090620381996446e-06,1.751062446690316e-06,3.4619070547934685e-06,3.568260983950474e-06,-99.21369192466125,-98.95086777344942,0.2628241512118308
RX_69381,69381.90954773869,69.38190954773869,-1.1285008086866772e-06,-3.250523347416621e-06,-1.3138074825838124e-06,-2.8643826485050165e-06,3.4408452605874385e-06,3.1513137035766254e-06,-99.26669715487043,-100.03016723990983,-0.7634700850394012
RX_69804,69804.02010050252,69.80402010050251,3.4170080149788945e-06,-1.439355909083894e-07,3.857765504816308e-06,-7.538697527593676e-08,3.4200381911259636e-06,3.858502026200307e-06,-99.31938088412493,-98.27162534709159,1.0477555370333391
RX_70226,70226.13065326633,70.22613065326632,-8.409107813927989e-07,3.293833913289079e-06,-9.05362992648769e-07,2.832974230290385e-06,3.399481253161414e-06,2.9741259452059747e-06,-99.37174698902376,-100.53281288743241,-1.1610658984086513
RX_70648,70648.24120603016,70.64824120603016,-2.8948335877727996e-06,-1.7431948082301949e-06,-3.336466366968679e-06,-1.539423604377086e-06,3.379169963221478e-06,3.67448402522402e-06,-99.42379927647096,-98.6960727274074,0.7277265490635614
RX_71070,71070.35175879397,71.07035175879398,2.4880012617849877e-06,-2.2568566984820102e-06,2.826093532624737e-06,-1.8758302264070771e-06,3.3590999443492016e-06,3.391982266086571e-06,-99.47554148533627,-99.3909285396324,0.08461294570386713
RX_71492,71492.46231155779,71.49246231155779,1.4364018214250552e-06,3.0145403281713775e-06,1.716536002052982e-06,2.5590859317904987e-06,3.3392669229585127e-06,3.081463394660414e-06,-99.52697728806672,-100.2248597395288,-0.6978824514620783
RX_71914,71914.57286432161,71.91457286432161,-3.281086163307014e-06,5.046392368238683e-07,-3.825177932882083e-06,3.612653487864425e-07,3.3196667258004856e-06,3.842199743693948e-06,-99.57811029225077,-98.30840122608633,1.2697090661644381
RX_72336,72336.68341708543,72.33668341708542,4.5873904992308405e-07,-3.268257547945184e-06,4.80288819713786e-07,-2.67494424154794e-06,3.300295277035829e-06,2.7177203766636012e-06,-99.62894404213657,-101.31590458797302,-1.686960545836456
RX_72758,72758.79396984924,72.75879396984924,2.980384898098822e-06,1.3723126336009124e-06,3.5747482699377124e-06,1.1684060440072682e-06,3.2811485954092656e-06,3.76085068529653e-06,-99.67948202010618,-98.49427817515237,1.1852038449538043
RX_73180,73180.90452261307,73.18090452261308,-2.159792190835583e-06,2.4448712100904975e-06,-2.550204940527684e-06,1.9036652509599094e-06,3.2622227915217165e-06,3.182371226994749e-06,-99.72972764810717,-99.94498321640572,-0.21525556829854509
RX_73603,73603.01507537688,73.60301507537689,-1.7096237008958457e-06,-2.756369041413298e-06,-2.1408035267338475e-06,-2.1904845708736257e-06,3.2435140651963376e-06,3.0628846526291995e-06,-99.77968428904283,-100.27738716585944,-0.49770287681660363
RX_74025,74025.12562814071,74.02512562814071,3.114028054638376e-06,-8.387937226777578e-07,3.82805622827968e-06,-5.733114235136008e-07,3.225018702934679e-06,3.87074934285366e-06,-99.82935524812297,-98.24409902539102,1.5852562227319424
RX_74447,74447.23618090453,74.44723618090453,-9.27983827791178e-08,3.2053900663411895e-06,-4.3343554545896705e-08,2.387082821852636e-06,3.206733075459383e-06,2.3874762956110404e-06,-99.87874377417594,-102.44121863351408,-2.5624748593381383
RX_74869,74869.34673366834,74.86934673366834,-3.0257781536861146e-06,-1.0060708577644454e-06,-3.888590400404986e-06,-7.987352876963452e-07,3.1886536353400068e-06,3.969774976233939e-06,-99.92785306092392,-98.02468220403051,1.9031708568934107
RX_75291,75291.45728643217,75.29145728643216,1.8243735570622535e-06,-2.5933544622897744e-06,2.3155699372882153e-06,-1.7603058285314726e-06,3.170776914698709e-06,2.9087008688476068e-06,-99.97668624822208,-100.72601878708119,-0.7493325388591074
RX_75713,75713.56783919598,75.71356783919597,1.9473377626926417e-06,2.4799016593179465e-06,2.6638785508891706e-06,1.6953734353878504e-06,3.1530995229926833e-06,3.157616192526601e-06,-100.0252464232632,-100.01281319014973,0.012433233113469555
RX_76135,76135.6783919598,76.1356783919598,-2.9192950057578846e-06,1.1444727256677125e-06,-3.9853302613894354e-06,6.41345818186766e-07,3.1356181448703554e-06,4.036605226034871e-06,-100.07353662174891,-97.87967443729814,2.1938621844507793
RX_76557,76557.78894472362,76.55778894472363,-2.5406660517736935e-07,-3.1079622372724056e-06,-4.3883751921553873e-07,-1.797278806085525e-06,3.1183295380985075e-06,1.8500782348526396e-06,-100.1215598290284,-104.65619812116798,-4.534638292139576
RX_76979,76979.89949748744,76.97989949748744,3.032780916591401e-06,6.479743218862991e-07,4.521693580110226e-06,4.02585458499073e-07,3.1012305315575924e-06,4.539580144000648e-06,-100.1693189812058,-96.85968624495318,3.309632736252624
RX_77402,77402.01005025125,77.40201005025125,-1.4855970718862062e-06,2.702964855278868e-06,-2.280877002294233e-06,1.138971441423224e-06,3.0843180233026526e-06,2.549442261352946e-06,-100.21681696621752,-101.87109638591097,-1.6542794196934523
RX_77824,77824.12060301508,77.82412060301507,-2.149045861932078e-06,-2.188996122764181e-06,-3.633724987647253e-06,-7.104640723824694e-07,3.0675889786873347e-06,3.702528390707938e-06,-100.26405662488,-98.63003205313427,1.6340245717457265
RX_78246,78246.23115577889,78.24623115577889,2.700413345637534e-06,-1.4200758639385872e-06,5.024387636510137e-06,-2.5551519239821674e-07,3.051040428548633e-06,5.0308805526927605e-06,-100.31104075190927,-95.96711987857843,4.343920873330845
RX_78668,78668.34170854272,78.66834170854273,5.793034957853391e-07,2.978863245676871e-06,9.956145701563739e-07,-4.158530246293972e-07,3.0346694674500644e-06,1.0789727106841393e-06,-100.35777209691321,-109.33979078658584,-8.982018689672628
RX_79090,79090.45226130653,79.09045226130654,-3.0033983742980588e-06,-3.012954997825584e-07,-7.810212021626145e-06,1.0146449294328468e-06,3.0184732519811145e-06,7.875843837683512e-06,-100.40425336535691,-92.07405807288433,8.330195292472581
RX_79512,79512.56281407035,79.51256281407035,1.1471626027928665e-06,-2.77465636701469e-06,7.749089422593325e-06,3.344549240138039e-06,3.002448999110836e-06,8.440047185831113e-06,-100.45048721950266,-91.47310250708692,8.977384712415741
RX_79934,79934.67336683418,79.93467336683418,2.31457698523486e-06,1.8874525181397067e-06,-5.627967716254908e-08,-3.4991327659684935e-06,2.986593984593623e-06,3.4995853348555226e-06,-100.49647627932492,-99.1196682412967,1.37680803802823
RX_80356,80356.78391959799,80.35678391959799,-2.4609505906537116e-06,1.6643322764497038e-06,-2.4609505906537116e-06,1.6643322764497043e-06,2.9709055414252244e-06,2.9709055414252244e-06,-100.54222312340123,-100.54222312340123,0.0
RX_80778,80778.8944723618,80.7788944723618,-8.80662461526825e-07,-2.8211187193903685e-06,-8.806624615268253e-07,-2.821118719390369e-06,2.9553810583471702e-06,2.9553810583471707e-06,-100.58773028977974,-100.58773028977974,0.0
RX_81201,81201.00502512563,81.20100502512564,2.9398551511596793e-06,-3.094193760002526e-08,2.9398551511596785e-06,-3.094193760002525e-08,2.9400179783978438e-06,2.940017978397843e-06,-100.63300027682418,-100.63300027682418,0.0
RX_81623,81623.11557788945,81.62311557788945,-8.125970128392037e-07,2.8096657888120725e-06,-8.125970128392036e-07,2.8096657888120733e-06,2.924813797508512e-06,2.9248137975085127e-06,-100.67803554403687,-100.67803554403687,0.0
RX_82045,82045.22613065326,82.04522613065326,-2.444081106513502e-06,-1.5789889445466884e-06,-2.4440811065135018e-06,-1.578988944546688e-06,2.9097660631426936e-06,2.909766063142693e-06,-100.72283851286059,-100.72283851286059,0.0
RX_82467,82467.33668341709,82.46733668341709,2.204490384417506e-06,-1.8763017350197388e-06,2.2044903844175064e-06,-1.8763017350197388e-06,2.8948723729773174e-06,2.894872372977318e-06,-100.76741156745976,-100.76741156745976,0.0
RX_82889,82889.4472361809,82.8894472361809,1.156204645964442e-06,2.637866900683726e-06,1.156204645964442e-06,2.6378669006837267e-06,2.880130373624174e-06,2.880130373624175e-06,-100.81175705548179,-100.81175705548179,0.0
RX_83311,83311.55778894473,83.31155778894473,-2.844574796433082e-06,3.4597814669270056e-07,-2.844574796433082e-06,3.459781466927006e-07,2.8655377593902376e-06,2.865537759390238e-06,-100.85587728879902,-100.85587728879902,0.0
RX_83733,83733.66834170854,83.73366834170855,4.852337062887592e-07,-2.809497355127359e-06,4.852337062887589e-07,-2.8094973551273584e-06,2.8510922710754818e-06,2.8510922710754818e-06,-100.89977454423193,-100.89977454423193,0.0
RX_84155,84155.77889447236,84.15577889447236,2.538020358489923e-06,1.2672173371667368e-06,2.5380203584899226e-06,1.2672173371667368e-06,2.8367916948068766e-06,2.836791694806876e-06,-100.94345106425419,-100.94345106425419,0.0
RX_84577,84577.88944723619,84.57788944723619,-1.9346066540670328e-06,2.055373203771035e-06,-1.934606654067033e-06,2.055373203771035e-06,2.8226338609072996e-06,2.8226338609073e-06,-100.98690905768002,-100.98690905768002,0.0
RX_85000,85000.0,85.0,-1.404308321380584e-06,-2.432333362165642e-06,-1.4043083213805845e-06,-2.432333362165642e-06,2.8086166427981533e-06,2.8086166427981538e-06,-101.03015070033453,-101.03015070033452,1.4210854715202004e-14
