trial,snr_db_los_only,snr_db_los_plus_ris
0,98.98552767413584,99.92874045333166
1,98.41559848342142,100.49866961761317
2,98.90995543418164,100.42364313390989
3,98.97582131175012,100.37496697321427
4,98.86182533743889,100.13732292817514
5,98.62418053606943,100.09141071974494
6,98.5782686288697,100.67348417478387
7,98.9105002518629,100.42309697544877
8,98.53629031562264,100.4889636444396
9,99.1005335666246,100.53444061032253
10,99.16034212433081,100.24747926414015
11,98.8542745504749,100.04943299590026
12,98.46716073395007,99.93917090808927
13,98.57366800655052,100.367415827565
14,99.01685786086935,100.61367534868167
15,98.94988966734515,100.46303152951754
16,98.42602915092904,100.55990485131902
17,99.17258132726359,99.980302946591
18,98.73433700683533,100.0868103591283
19,99.02129850828615,100.19009575398414
20,98.70158713701122,100.68572297684412
21,98.58737334045134,99.8452856098723
22,98.59249775900587,100.43459580275331
23,98.74237565600711,100.52999894123873
24,98.85146190922777,100.10563990055941
25,98.56730189030756,100.10051610093572
26,99.1108172592254,100.21472901586915
27,98.72192949158602,100.25551780150724
28,98.55724190855435,100.36460391606356
29,99.0528999337914,100.62395910213209
30,98.76756824586941,100.08044391271503
31,98.60069103887348,100.2350714584616
32,99.07075312421446,100.0703835427072
33,99.04676199645736,100.56604264735944
34,98.71965039989507,100.11383307404627
35,99.00672120778401,100.28071033483081
36,98.6769548083705,100.58389465154404
37,98.46743021387698,100.23279190302392
38,98.86926340279949,100.51986316477416
39,98.3321451914371,99.98057172332672
40,99.1425005592192,100.38240537575938
41,98.58303330765625,100.65564157762971
42,98.75525324509113,100.09617571648229
43,99.01105305760697,100.00053106448604
44,99.1832963675529,100.2683941911868
45,98.48738949624033,100.69643796026983
46,99.05415467836838,100.52419460615
47,98.92145427191026,100.22172946515377
48,98.70858752657011,100.56729600455922
49,98.76212253766504,100.27526460477478
50,98.57931281509927,100.3198063634248
51,98.95714670689583,100.09245352807886
52,98.80666424188607,100.89567905480116
53,99.38253691231218,100.47028882755833
54,98.58915264379883,100.10229475710244
55,99.0027092490013,100.51585148651856
56,99.21204103842985,99.85557252164206
57,98.34243040765953,100.72518304819377
58,99.02158891183112,100.53473073712422
59,98.72615584780435,100.23929741060181
60,98.68118280274453,100.19432412624879
61,98.76660800282052,100.27974997805443
62,99.14767277996899,100.66081447077813
63,98.55356994285897,100.0667117687141
64,98.53704570695314,100.0501877155271
65,98.94388227686701,100.45702390882636
66,98.74135783148725,100.25695136395852
67,98.74380846841683,100.5383384567993
68,99.12117090905622,100.2544999515037
69,99.02519660147149,100.63431304344114
70,99.43223307141164,100.94537465921852
71,99.23779288500361,100.64894546327449
72,99.13580265633563,100.75093470504618
73,99.00708651352686,100.52022785866467
74,98.50126694013967,100.23907359107687
75,98.65235607230449,100.01440909680086
76,98.72593100078456,100.16549859328757
77,98.92469017536891,100.14197466254588
78,98.62883236120005,100.4378321328659
79,98.43344293132321,99.94658510484201
80,98.43032426091347,100.68996383838933
81,99.17682236688006,99.94346570115195
82,99.03831522721136,100.19065275140599
83,98.67750964490148,100.55145765187532
84,98.35689571799978,99.87003681386938
85,98.82438446142572,100.33752649343393
86,99.18523489823171,100.69837770084195
87,98.98720705470285,100.50034899253598
88,99.01971284185997,100.67179924495632
89,99.15865768199674,100.53285456100156
90,98.88868945728353,100.40183224080108
91,99.18895068017626,100.70209230293152
92,98.76739356866256,100.28053530915503
93,99.20799414018147,100.72113553915388
94,99.25751892681265,100.44865075734651
95,98.93550864123546,100.8671356242256
96,99.35399372379763,100.77066028620017
97,98.41365374133197,99.92679573408202
98,98.77348353550744,100.99202560276726
99,99.47888384616218,100.33731144122558
100,98.82416965751847,100.28662597208707
101,98.99586108697952,99.85274948283495
102,98.54053281075153,100.5090028463516
103,98.86083357967621,100.37397578886514
104,98.33960747188115,100.05367518263212
105,98.8090515640895,100.32219376879902
106,98.44907904065053,99.96222092223272
107,99.0084023081132,100.52154395819493
108,99.34919405711386,100.86233567853907
109,99.29293670122483,100.806078757088
110,98.88294381575768,100.39608542775935
111,98.69713502390168,100.21027711344546
112,98.78420512409633,100.10765701463201
113,99.04402345847998,100.25995610930606
114,98.59451475940799,100.29734714780938
115,98.7468140094691,100.55716585070387
116,98.82946033282592,100.34260160102957
117,99.63086212276231,101.14400343398721
118,99.54244774529066,101.055589440057
119,98.73573983248038,100.24888147585187
120,99.18692023801889,100.70006183593512
121,98.46008519461245,99.9732267487997
122,99.01580184395999,100.5289439876973
123,98.75869697696906,100.76816959165156
124,99.0040282715444,100.51717035867463
125,99.25502742727284,100.27183926396083
126,99.0072009367727,100.52034280854488
127,99.0134951514751,100.33370181026122
128,98.82055853525914,100.52663681374176
129,98.51993690230802,100.03307895213594
130,98.62610525947349,100.59101624342894
131,99.07787365467453,100.09707438370089
132,98.58393255839088,100.13924662786145
133,98.79909926481963,100.31224148483486
134,98.8105928026151,100.32373519006235
135,98.42154019544677,99.93468290063089
136,98.88624700714011,100.39939014720153
137,98.5846271633394,100.49816551172734
138,99.201475257116,100.09776987943349
139,99.13431749632194,100.64745888119164
140,98.98502309283971,100.71461677001993
141,98.7094918800174,100.2320864042028
142,98.71894400476378,100.22263435503626
143,98.97110570033146,100.50962826125121
144,98.53718033777879,100.0503225762486
145,99.10377021740786,100.4842478276805
146,98.99648617190408,100.50342264290481
147,98.99028162800761,100.61691164454005
148,99.3164996650352,100.82964182049244
149,99.09549505437002,100.1872318627059
150,98.67311549886152,100.60863698881676
151,98.86219780002067,100.18625784970209
152,99.01990217078728,100.52046745786242
153,99.00732409198311,100.37534026709483
154,98.67409005604785,99.96222955933763
155,98.44908716762093,100.00834627410889
156,99.15418151662955,99.68245193275315
157,98.49520470030785,100.17055599711121
158,98.16930957998139,100.6673232510188
159,98.65741323147728,100.45325002589051
160,98.94010774873011,99.87880400357275
161,98.36566256711242,100.53304494150412
162,98.69190733613401,100.20504947475297
163,98.69344773604125,100.20658930402817
164,98.9156978102038,100.42883949823246
165,99.2139983037359,100.72714065690357
166,98.43566825045643,99.94881028656394
167,98.90170052778427,100.41484175920934
168,98.41111776771014,99.92425973493589
169,98.71882152321314,100.00231322856598
170,98.48917079506575,100.32809319738425
171,98.81495107627302,100.2319643097271
172,98.37435616010707,100.29565248013395
173,99.19381031870167,100.86415932588272
174,98.78251059236408,100.70695243700455
175,99.21484389373549,100.48993760105843
176,99.3510165642125,99.88749741167109
177,98.38403264562828,99.8971742738928
178,98.97679524516897,100.72798703960311
179,99.06994034298103,100.63759125324526
180,99.40163385969008,100.5830829003409
181,99.12444937473634,100.45256223254525
182,98.93942089249158,100.91477550899121
183,98.64339981853952,100.15654168645752
184,98.96659273038011,100.33307911930785
185,98.81993737248116,100.36158892936209
186,98.84844670911791,100.47973439592661
187,99.02291210532753,100.25403450054334
188,98.64521203848017,100.15835398143827
189,98.74089218265787,100.05473692461297
190,98.54159509437525,100.5360544830097
191,99.03379865278805,100.31202250483695
192,98.80041837853145,100.54694057035995
193,98.9692723668952,100.31356017896356
194,98.79888019343394,100.39725137083265
195,98.87749630541533,100.23994969260755
196,98.70619725846294,100.4824142871709
197,98.72680716114773,100.21933914965194
198,98.88411124438531,100.4829262236218
199,98.96978410266159,100.39063849393693
